-- phpMyAdmin SQL Dump
-- version 5.2.0
-- https://www.phpmyadmin.net/
--
-- Host: 127.0.0.1:3306
-- Generation Time: May 11, 2023 at 07:49 AM
-- Server version: 8.0.31
-- PHP Version: 7.4.33

SET SQL_MODE = "NO_AUTO_VALUE_ON_ZERO";
START TRANSACTION;
SET time_zone = "+00:00";


/*!40101 SET @OLD_CHARACTER_SET_CLIENT=@@CHARACTER_SET_CLIENT */;
/*!40101 SET @OLD_CHARACTER_SET_RESULTS=@@CHARACTER_SET_RESULTS */;
/*!40101 SET @OLD_COLLATION_CONNECTION=@@COLLATION_CONNECTION */;
/*!40101 SET NAMES utf8mb4 */;

--
-- Database: `db_app-dcms`
--

-- --------------------------------------------------------

--
-- Table structure for table `approver`
--

DROP TABLE IF EXISTS `approver`;
CREATE TABLE IF NOT EXISTS `approver` (
  `id` int NOT NULL AUTO_INCREMENT,
  `reviewer_id` int DEFAULT NULL COMMENT 'เอกสาร',
  `approve_name` int DEFAULT NULL COMMENT 'ผู้อนุมัติ',
  `approve_at` varchar(45) DEFAULT NULL COMMENT 'วันที่อนุมัติ',
  `approve_comment` text COMMENT 'ความคิดเห็น',
  `approved` int DEFAULT NULL COMMENT 'อนุมัติ',
  PRIMARY KEY (`id`),
  KEY `fk_approver_user1_idx` (`approve_name`),
  KEY `fk_approver_reviewer1_idx` (`reviewer_id`)
) ENGINE=InnoDB AUTO_INCREMENT=3 DEFAULT CHARSET=utf8mb3;

--
-- Dumping data for table `approver`
--

INSERT INTO `approver` (`id`, `reviewer_id`, `approve_name`, `approve_at`, `approve_comment`, `approved`) VALUES
(1, NULL, NULL, NULL, NULL, NULL),
(2, NULL, NULL, NULL, NULL, NULL);

-- --------------------------------------------------------

--
-- Table structure for table `auth_assignment`
--

DROP TABLE IF EXISTS `auth_assignment`;
CREATE TABLE IF NOT EXISTS `auth_assignment` (
  `item_name` varchar(64) COLLATE utf8mb3_unicode_ci NOT NULL,
  `user_id` varchar(64) COLLATE utf8mb3_unicode_ci NOT NULL,
  `created_at` int DEFAULT NULL,
  PRIMARY KEY (`item_name`,`user_id`),
  KEY `idx-auth_assignment-user_id` (`user_id`)
) ENGINE=InnoDB DEFAULT CHARSET=utf8mb3 COLLATE=utf8mb3_unicode_ci;

--
-- Dumping data for table `auth_assignment`
--

INSERT INTO `auth_assignment` (`item_name`, `user_id`, `created_at`) VALUES
('Actor', '3', 1683767479),
('Admin', '5', 1683767503),
('QMR', '4', 1683767493),
('Super Admin', '1', 1683540071),
('User', '2', 1683767460);

-- --------------------------------------------------------

--
-- Table structure for table `auth_item`
--

DROP TABLE IF EXISTS `auth_item`;
CREATE TABLE IF NOT EXISTS `auth_item` (
  `name` varchar(64) COLLATE utf8mb3_unicode_ci NOT NULL,
  `type` smallint NOT NULL,
  `description` text COLLATE utf8mb3_unicode_ci,
  `rule_name` varchar(64) COLLATE utf8mb3_unicode_ci DEFAULT NULL,
  `data` blob,
  `created_at` int DEFAULT NULL,
  `updated_at` int DEFAULT NULL,
  PRIMARY KEY (`name`),
  KEY `rule_name` (`rule_name`),
  KEY `idx-auth_item-type` (`type`)
) ENGINE=InnoDB DEFAULT CHARSET=utf8mb3 COLLATE=utf8mb3_unicode_ci;

--
-- Dumping data for table `auth_item`
--

INSERT INTO `auth_item` (`name`, `type`, `description`, `rule_name`, `data`, `created_at`, `updated_at`) VALUES
('/*', 2, NULL, NULL, NULL, 1683540052, 1683540052),
('/admin/*', 2, NULL, NULL, NULL, 1683767079, 1683767079),
('/admin/assignment/*', 2, NULL, NULL, NULL, 1683767079, 1683767079),
('/admin/assignment/assign', 2, NULL, NULL, NULL, 1683767079, 1683767079),
('/admin/assignment/index', 2, NULL, NULL, NULL, 1683767079, 1683767079),
('/admin/assignment/revoke', 2, NULL, NULL, NULL, 1683767079, 1683767079),
('/admin/assignment/view', 2, NULL, NULL, NULL, 1683767079, 1683767079),
('/admin/default/*', 2, NULL, NULL, NULL, 1683767079, 1683767079),
('/admin/default/index', 2, NULL, NULL, NULL, 1683767079, 1683767079),
('/admin/menu/*', 2, NULL, NULL, NULL, 1683767079, 1683767079),
('/admin/menu/create', 2, NULL, NULL, NULL, 1683767079, 1683767079),
('/admin/menu/delete', 2, NULL, NULL, NULL, 1683767079, 1683767079),
('/admin/menu/index', 2, NULL, NULL, NULL, 1683767079, 1683767079),
('/admin/menu/update', 2, NULL, NULL, NULL, 1683767079, 1683767079),
('/admin/menu/view', 2, NULL, NULL, NULL, 1683767079, 1683767079),
('/admin/permission/*', 2, NULL, NULL, NULL, 1683767079, 1683767079),
('/admin/permission/assign', 2, NULL, NULL, NULL, 1683767079, 1683767079),
('/admin/permission/create', 2, NULL, NULL, NULL, 1683767079, 1683767079),
('/admin/permission/delete', 2, NULL, NULL, NULL, 1683767079, 1683767079),
('/admin/permission/get-users', 2, NULL, NULL, NULL, 1683767079, 1683767079),
('/admin/permission/index', 2, NULL, NULL, NULL, 1683767079, 1683767079),
('/admin/permission/remove', 2, NULL, NULL, NULL, 1683767079, 1683767079),
('/admin/permission/update', 2, NULL, NULL, NULL, 1683767079, 1683767079),
('/admin/permission/view', 2, NULL, NULL, NULL, 1683767079, 1683767079),
('/admin/role/*', 2, NULL, NULL, NULL, 1683767079, 1683767079),
('/admin/role/assign', 2, NULL, NULL, NULL, 1683767079, 1683767079),
('/admin/role/create', 2, NULL, NULL, NULL, 1683767079, 1683767079),
('/admin/role/delete', 2, NULL, NULL, NULL, 1683767079, 1683767079),
('/admin/role/get-users', 2, NULL, NULL, NULL, 1683767079, 1683767079),
('/admin/role/index', 2, NULL, NULL, NULL, 1683767079, 1683767079),
('/admin/role/remove', 2, NULL, NULL, NULL, 1683767079, 1683767079),
('/admin/role/update', 2, NULL, NULL, NULL, 1683767079, 1683767079),
('/admin/role/view', 2, NULL, NULL, NULL, 1683767079, 1683767079),
('/admin/route/*', 2, NULL, NULL, NULL, 1683767079, 1683767079),
('/admin/route/assign', 2, NULL, NULL, NULL, 1683767079, 1683767079),
('/admin/route/create', 2, NULL, NULL, NULL, 1683767079, 1683767079),
('/admin/route/index', 2, NULL, NULL, NULL, 1683767079, 1683767079),
('/admin/route/refresh', 2, NULL, NULL, NULL, 1683767079, 1683767079),
('/admin/route/remove', 2, NULL, NULL, NULL, 1683767079, 1683767079),
('/admin/rule/*', 2, NULL, NULL, NULL, 1683767079, 1683767079),
('/admin/rule/create', 2, NULL, NULL, NULL, 1683767079, 1683767079),
('/admin/rule/delete', 2, NULL, NULL, NULL, 1683767079, 1683767079),
('/admin/rule/index', 2, NULL, NULL, NULL, 1683767079, 1683767079),
('/admin/rule/update', 2, NULL, NULL, NULL, 1683767079, 1683767079),
('/admin/rule/view', 2, NULL, NULL, NULL, 1683767079, 1683767079),
('/admin/user/*', 2, NULL, NULL, NULL, 1683767079, 1683767079),
('/admin/user/activate', 2, NULL, NULL, NULL, 1683767079, 1683767079),
('/admin/user/change-password', 2, NULL, NULL, NULL, 1683767079, 1683767079),
('/admin/user/delete', 2, NULL, NULL, NULL, 1683767079, 1683767079),
('/admin/user/index', 2, NULL, NULL, NULL, 1683767079, 1683767079),
('/admin/user/login', 2, NULL, NULL, NULL, 1683767079, 1683767079),
('/admin/user/logout', 2, NULL, NULL, NULL, 1683767079, 1683767079),
('/admin/user/request-password-reset', 2, NULL, NULL, NULL, 1683767079, 1683767079),
('/admin/user/reset-password', 2, NULL, NULL, NULL, 1683767079, 1683767079),
('/admin/user/signup', 2, NULL, NULL, NULL, 1683767079, 1683767079),
('/admin/user/view', 2, NULL, NULL, NULL, 1683767079, 1683767079),
('/debug/*', 2, NULL, NULL, NULL, 1683767079, 1683767079),
('/debug/default/*', 2, NULL, NULL, NULL, 1683767079, 1683767079),
('/debug/default/db-explain', 2, NULL, NULL, NULL, 1683767079, 1683767079),
('/debug/default/download-mail', 2, NULL, NULL, NULL, 1683767079, 1683767079),
('/debug/default/index', 2, NULL, NULL, NULL, 1683767079, 1683767079),
('/debug/default/toolbar', 2, NULL, NULL, NULL, 1683767079, 1683767079),
('/debug/default/view', 2, NULL, NULL, NULL, 1683767079, 1683767079),
('/debug/user/*', 2, NULL, NULL, NULL, 1683767079, 1683767079),
('/debug/user/reset-identity', 2, NULL, NULL, NULL, 1683767079, 1683767079),
('/debug/user/set-identity', 2, NULL, NULL, NULL, 1683767079, 1683767079),
('/gii/*', 2, NULL, NULL, NULL, 1683767079, 1683767079),
('/gii/default/*', 2, NULL, NULL, NULL, 1683767079, 1683767079),
('/gii/default/action', 2, NULL, NULL, NULL, 1683767079, 1683767079),
('/gii/default/diff', 2, NULL, NULL, NULL, 1683767079, 1683767079),
('/gii/default/index', 2, NULL, NULL, NULL, 1683767079, 1683767079),
('/gii/default/preview', 2, NULL, NULL, NULL, 1683767079, 1683767079),
('/gii/default/view', 2, NULL, NULL, NULL, 1683767079, 1683767079),
('/gridview/*', 2, NULL, NULL, NULL, 1683767079, 1683767079),
('/gridview/export/*', 2, NULL, NULL, NULL, 1683767079, 1683767079),
('/gridview/export/download', 2, NULL, NULL, NULL, 1683767079, 1683767079),
('/gridview/grid-edited-row/*', 2, NULL, NULL, NULL, 1683767079, 1683767079),
('/gridview/grid-edited-row/back', 2, NULL, NULL, NULL, 1683767079, 1683767079),
('/operator/*', 2, NULL, NULL, NULL, 1683767079, 1683767079),
('/operator/approver/*', 2, NULL, NULL, NULL, 1683767079, 1683767079),
('/operator/approver/create', 2, NULL, NULL, NULL, 1683767079, 1683767079),
('/operator/approver/delete', 2, NULL, NULL, NULL, 1683767079, 1683767079),
('/operator/approver/index', 2, NULL, NULL, NULL, 1683767079, 1683767079),
('/operator/approver/update', 2, NULL, NULL, NULL, 1683767079, 1683767079),
('/operator/approver/view', 2, NULL, NULL, NULL, 1683767079, 1683767079),
('/operator/categories/*', 2, NULL, NULL, NULL, 1683767079, 1683767079),
('/operator/categories/create', 2, NULL, NULL, NULL, 1683767079, 1683767079),
('/operator/categories/delete', 2, NULL, NULL, NULL, 1683767079, 1683767079),
('/operator/categories/index', 2, NULL, NULL, NULL, 1683767079, 1683767079),
('/operator/categories/update', 2, NULL, NULL, NULL, 1683767079, 1683767079),
('/operator/categories/view', 2, NULL, NULL, NULL, 1683767079, 1683767079),
('/operator/default/*', 2, NULL, NULL, NULL, 1683767079, 1683767079),
('/operator/default/index', 2, NULL, NULL, NULL, 1683767079, 1683767079),
('/operator/departments/*', 2, NULL, NULL, NULL, 1683767079, 1683767079),
('/operator/departments/create', 2, NULL, NULL, NULL, 1683767079, 1683767079),
('/operator/departments/delete', 2, NULL, NULL, NULL, 1683767079, 1683767079),
('/operator/departments/index', 2, NULL, NULL, NULL, 1683767079, 1683767079),
('/operator/departments/update', 2, NULL, NULL, NULL, 1683767079, 1683767079),
('/operator/departments/view', 2, NULL, NULL, NULL, 1683767079, 1683767079),
('/operator/points/*', 2, NULL, NULL, NULL, 1683767079, 1683767079),
('/operator/points/create', 2, NULL, NULL, NULL, 1683767079, 1683767079),
('/operator/points/delete', 2, NULL, NULL, NULL, 1683767079, 1683767079),
('/operator/points/index', 2, NULL, NULL, NULL, 1683767079, 1683767079),
('/operator/points/update', 2, NULL, NULL, NULL, 1683767079, 1683767079),
('/operator/points/view', 2, NULL, NULL, NULL, 1683767079, 1683767079),
('/operator/profile/*', 2, NULL, NULL, NULL, 1683767079, 1683767079),
('/operator/profile/create', 2, NULL, NULL, NULL, 1683767079, 1683767079),
('/operator/profile/delete', 2, NULL, NULL, NULL, 1683767079, 1683767079),
('/operator/profile/index', 2, NULL, NULL, NULL, 1683767079, 1683767079),
('/operator/profile/update', 2, NULL, NULL, NULL, 1683767079, 1683767079),
('/operator/profile/view', 2, NULL, NULL, NULL, 1683767079, 1683767079),
('/operator/report/*', 2, NULL, NULL, NULL, 1683767079, 1683767079),
('/operator/report/index', 2, NULL, NULL, NULL, 1683767079, 1683767079),
('/operator/report/report1', 2, NULL, NULL, NULL, 1683767079, 1683767079),
('/operator/report/report2', 2, NULL, NULL, NULL, 1683767079, 1683767079),
('/operator/report/report3', 2, NULL, NULL, NULL, 1683767079, 1683767079),
('/operator/report/report4', 2, NULL, NULL, NULL, 1683767079, 1683767079),
('/operator/requester/*', 2, NULL, NULL, NULL, 1683539995, 1683539995),
('/operator/requester/create', 2, NULL, NULL, NULL, 1683767079, 1683767079),
('/operator/requester/delete', 2, NULL, NULL, NULL, 1683767079, 1683767079),
('/operator/requester/deletefile', 2, NULL, NULL, NULL, 1683767079, 1683767079),
('/operator/requester/download', 2, NULL, NULL, NULL, 1683767079, 1683767079),
('/operator/requester/index', 2, NULL, NULL, NULL, 1683767079, 1683767079),
('/operator/requester/update', 2, NULL, NULL, NULL, 1683767079, 1683767079),
('/operator/requester/view', 2, NULL, NULL, NULL, 1683767079, 1683767079),
('/operator/reviewer/*', 2, NULL, NULL, NULL, 1683767079, 1683767079),
('/operator/reviewer/create', 2, NULL, NULL, NULL, 1683767079, 1683767079),
('/operator/reviewer/delete', 2, NULL, NULL, NULL, 1683767079, 1683767079),
('/operator/reviewer/index', 2, NULL, NULL, NULL, 1683767079, 1683767079),
('/operator/reviewer/update', 2, NULL, NULL, NULL, 1683767079, 1683767079),
('/operator/reviewer/view', 2, NULL, NULL, NULL, 1683767079, 1683767079),
('/operator/stamps/*', 2, NULL, NULL, NULL, 1683767079, 1683767079),
('/operator/stamps/create', 2, NULL, NULL, NULL, 1683767079, 1683767079),
('/operator/stamps/delete', 2, NULL, NULL, NULL, 1683767079, 1683767079),
('/operator/stamps/index', 2, NULL, NULL, NULL, 1683767079, 1683767079),
('/operator/stamps/update', 2, NULL, NULL, NULL, 1683767079, 1683767079),
('/operator/stamps/upload', 2, NULL, NULL, NULL, 1683767079, 1683767079),
('/operator/stamps/view', 2, NULL, NULL, NULL, 1683767079, 1683767079),
('/operator/status/*', 2, NULL, NULL, NULL, 1683767079, 1683767079),
('/operator/status/create', 2, NULL, NULL, NULL, 1683767079, 1683767079),
('/operator/status/delete', 2, NULL, NULL, NULL, 1683767079, 1683767079),
('/operator/status/index', 2, NULL, NULL, NULL, 1683767079, 1683767079),
('/operator/status/update', 2, NULL, NULL, NULL, 1683767079, 1683767079),
('/operator/status/view', 2, NULL, NULL, NULL, 1683767079, 1683767079),
('/operator/types/*', 2, NULL, NULL, NULL, 1683767079, 1683767079),
('/operator/types/create', 2, NULL, NULL, NULL, 1683767079, 1683767079),
('/operator/types/delete', 2, NULL, NULL, NULL, 1683767079, 1683767079),
('/operator/types/index', 2, NULL, NULL, NULL, 1683767079, 1683767079),
('/operator/types/update', 2, NULL, NULL, NULL, 1683767079, 1683767079),
('/operator/types/view', 2, NULL, NULL, NULL, 1683767079, 1683767079),
('/operator/user/*', 2, NULL, NULL, NULL, 1683767079, 1683767079),
('/operator/user/create', 2, NULL, NULL, NULL, 1683767079, 1683767079),
('/operator/user/delete', 2, NULL, NULL, NULL, 1683767079, 1683767079),
('/operator/user/index', 2, NULL, NULL, NULL, 1683767079, 1683767079),
('/operator/user/update', 2, NULL, NULL, NULL, 1683767079, 1683767079),
('/operator/user/view', 2, NULL, NULL, NULL, 1683767079, 1683767079),
('/rbac/*', 2, NULL, NULL, NULL, 1683767079, 1683767079),
('/rbac/assignment/*', 2, NULL, NULL, NULL, 1683767079, 1683767079),
('/rbac/assignment/assign', 2, NULL, NULL, NULL, 1683767079, 1683767079),
('/rbac/permission/*', 2, NULL, NULL, NULL, 1683767079, 1683767079),
('/rbac/permission/create', 2, NULL, NULL, NULL, 1683767079, 1683767079),
('/rbac/permission/delete', 2, NULL, NULL, NULL, 1683767079, 1683767079),
('/rbac/permission/index', 2, NULL, NULL, NULL, 1683767079, 1683767079),
('/rbac/permission/update', 2, NULL, NULL, NULL, 1683767079, 1683767079),
('/rbac/role/*', 2, NULL, NULL, NULL, 1683767079, 1683767079),
('/rbac/role/create', 2, NULL, NULL, NULL, 1683767079, 1683767079),
('/rbac/role/delete', 2, NULL, NULL, NULL, 1683767079, 1683767079),
('/rbac/role/index', 2, NULL, NULL, NULL, 1683767079, 1683767079),
('/rbac/role/update', 2, NULL, NULL, NULL, 1683767079, 1683767079),
('/rbac/rule/*', 2, NULL, NULL, NULL, 1683767079, 1683767079),
('/rbac/rule/create', 2, NULL, NULL, NULL, 1683767079, 1683767079),
('/rbac/rule/delete', 2, NULL, NULL, NULL, 1683767079, 1683767079),
('/rbac/rule/index', 2, NULL, NULL, NULL, 1683767079, 1683767079),
('/rbac/rule/search', 2, NULL, NULL, NULL, 1683767079, 1683767079),
('/rbac/rule/update', 2, NULL, NULL, NULL, 1683767079, 1683767079),
('/site/*', 2, NULL, NULL, NULL, 1683767079, 1683767079),
('/site/about', 2, NULL, NULL, NULL, 1683767079, 1683767079),
('/site/captcha', 2, NULL, NULL, NULL, 1683767079, 1683767079),
('/site/contact', 2, NULL, NULL, NULL, 1683767079, 1683767079),
('/site/error', 2, NULL, NULL, NULL, 1683767079, 1683767079),
('/site/index', 2, NULL, NULL, NULL, 1683767079, 1683767079),
('/site/login', 2, NULL, NULL, NULL, 1683767079, 1683767079),
('/site/logout', 2, NULL, NULL, NULL, 1683767079, 1683767079),
('/user/*', 2, NULL, NULL, NULL, 1683767079, 1683767079),
('/user/admin/*', 2, NULL, NULL, NULL, 1683767079, 1683767079),
('/user/admin/assignments', 2, NULL, NULL, NULL, 1683767079, 1683767079),
('/user/admin/block', 2, NULL, NULL, NULL, 1683767079, 1683767079),
('/user/admin/confirm', 2, NULL, NULL, NULL, 1683767079, 1683767079),
('/user/admin/create', 2, NULL, NULL, NULL, 1683767079, 1683767079),
('/user/admin/delete', 2, NULL, NULL, NULL, 1683767079, 1683767079),
('/user/admin/index', 2, NULL, NULL, NULL, 1683767079, 1683767079),
('/user/admin/info', 2, NULL, NULL, NULL, 1683767079, 1683767079),
('/user/admin/resend-password', 2, NULL, NULL, NULL, 1683767079, 1683767079),
('/user/admin/switch', 2, NULL, NULL, NULL, 1683767079, 1683767079),
('/user/admin/update', 2, NULL, NULL, NULL, 1683767079, 1683767079),
('/user/admin/update-profile', 2, NULL, NULL, NULL, 1683767079, 1683767079),
('/user/profile/*', 2, NULL, NULL, NULL, 1683767079, 1683767079),
('/user/profile/index', 2, NULL, NULL, NULL, 1683767079, 1683767079),
('/user/profile/show', 2, NULL, NULL, NULL, 1683767079, 1683767079),
('/user/recovery/*', 2, NULL, NULL, NULL, 1683767079, 1683767079),
('/user/recovery/request', 2, NULL, NULL, NULL, 1683767079, 1683767079),
('/user/recovery/reset', 2, NULL, NULL, NULL, 1683767079, 1683767079),
('/user/registration/*', 2, NULL, NULL, NULL, 1683767079, 1683767079),
('/user/registration/confirm', 2, NULL, NULL, NULL, 1683767079, 1683767079),
('/user/registration/connect', 2, NULL, NULL, NULL, 1683767079, 1683767079),
('/user/registration/register', 2, NULL, NULL, NULL, 1683767079, 1683767079),
('/user/registration/resend', 2, NULL, NULL, NULL, 1683767079, 1683767079),
('/user/security/*', 2, NULL, NULL, NULL, 1683767079, 1683767079),
('/user/security/auth', 2, NULL, NULL, NULL, 1683767079, 1683767079),
('/user/security/login', 2, NULL, NULL, NULL, 1683767079, 1683767079),
('/user/security/logout', 2, NULL, NULL, NULL, 1683767079, 1683767079),
('/user/settings/*', 2, NULL, NULL, NULL, 1683767079, 1683767079),
('/user/settings/account', 2, NULL, NULL, NULL, 1683767079, 1683767079),
('/user/settings/confirm', 2, NULL, NULL, NULL, 1683767079, 1683767079),
('/user/settings/delete', 2, NULL, NULL, NULL, 1683767079, 1683767079),
('/user/settings/disconnect', 2, NULL, NULL, NULL, 1683767079, 1683767079),
('/user/settings/networks', 2, NULL, NULL, NULL, 1683767079, 1683767079),
('/user/settings/profile', 2, NULL, NULL, NULL, 1683767079, 1683767079),
('Actor', 1, NULL, NULL, NULL, 1683766966, 1683766966),
('Admin', 1, NULL, NULL, NULL, 1683766940, 1683766940),
('QMR', 1, NULL, NULL, NULL, 1683766910, 1683766910),
('Super Admin', 1, NULL, NULL, NULL, 1683540013, 1683540013),
('User', 1, NULL, NULL, NULL, 1683540028, 1683540028);

-- --------------------------------------------------------

--
-- Table structure for table `auth_item_child`
--

DROP TABLE IF EXISTS `auth_item_child`;
CREATE TABLE IF NOT EXISTS `auth_item_child` (
  `parent` varchar(64) COLLATE utf8mb3_unicode_ci NOT NULL,
  `child` varchar(64) COLLATE utf8mb3_unicode_ci NOT NULL,
  PRIMARY KEY (`parent`,`child`),
  KEY `child` (`child`)
) ENGINE=InnoDB DEFAULT CHARSET=utf8mb3 COLLATE=utf8mb3_unicode_ci;

--
-- Dumping data for table `auth_item_child`
--

INSERT INTO `auth_item_child` (`parent`, `child`) VALUES
('Super Admin', '/*'),
('Admin', '/admin/*'),
('Admin', '/operator/*'),
('QMR', '/operator/*'),
('Actor', '/operator/report/*'),
('Actor', '/operator/requester/*'),
('User', '/operator/requester/create'),
('User', '/operator/requester/download'),
('User', '/operator/requester/index'),
('User', '/operator/requester/view'),
('Actor', '/operator/reviewer/*'),
('Admin', '/rbac/*'),
('Admin', '/site/*'),
('Admin', '/user/*');

-- --------------------------------------------------------

--
-- Table structure for table `auth_rule`
--

DROP TABLE IF EXISTS `auth_rule`;
CREATE TABLE IF NOT EXISTS `auth_rule` (
  `name` varchar(64) COLLATE utf8mb3_unicode_ci NOT NULL,
  `data` blob,
  `created_at` int DEFAULT NULL,
  `updated_at` int DEFAULT NULL,
  PRIMARY KEY (`name`)
) ENGINE=InnoDB DEFAULT CHARSET=utf8mb3 COLLATE=utf8mb3_unicode_ci;

-- --------------------------------------------------------

--
-- Table structure for table `categories`
--

DROP TABLE IF EXISTS `categories`;
CREATE TABLE IF NOT EXISTS `categories` (
  `id` int NOT NULL AUTO_INCREMENT,
  `category_code` varchar(45) NOT NULL COMMENT 'ระดับเอกสาร(CODE)',
  `category_details` varchar(100) DEFAULT NULL COMMENT 'รายละเอียด',
  `color` varchar(45) DEFAULT NULL COMMENT 'สี',
  PRIMARY KEY (`id`)
) ENGINE=InnoDB AUTO_INCREMENT=10 DEFAULT CHARSET=utf8mb3;

--
-- Dumping data for table `categories`
--

INSERT INTO `categories` (`id`, `category_code`, `category_details`, `color`) VALUES
(1, 'PM', 'ขั้นตอนการปฏิบัติ (Procedure Manual)', '#0000ff'),
(2, 'ST', 'มาตรฐานอ้างอิง (Standard)', '#ff00ff'),
(3, 'WI', 'วิธีการปฏิบัติ (Work Instruction)', '#ff9900'),
(4, 'MM', 'คู่มือระบบบริหารต่างๆ (Manual)', '#a64d79'),
(5, 'SP', 'เอกสารสนับสนุน (Support Document)', '#1c4587'),
(6, 'FM', 'แบบฟอร์ม (Form)', '#274e13'),
(7, 'QM', 'คู่มือคุณภาพ (QM)', '#674ea7'),
(8, 'SHE', 'คู่มือการจัดการด้านอาชีวอนามัยและความปลอดภัย', '#e06666'),
(9, 'EM', 'คู่มือระบบการจัดการด้านสิ่งแวดล้อม', '#666666');

-- --------------------------------------------------------

--
-- Table structure for table `departments`
--

DROP TABLE IF EXISTS `departments`;
CREATE TABLE IF NOT EXISTS `departments` (
  `id` int NOT NULL AUTO_INCREMENT,
  `department_code` varchar(45) DEFAULT NULL COMMENT 'รหัส',
  `department_details` text COMMENT 'รายละเอียด',
  `color` varchar(45) DEFAULT NULL COMMENT 'สี',
  `user_id` int DEFAULT NULL COMMENT 'หัวหน้าแผนก',
  PRIMARY KEY (`id`),
  KEY `fk_departments_user1_idx` (`user_id`)
) ENGINE=InnoDB AUTO_INCREMENT=15 DEFAULT CHARSET=utf8mb3;

--
-- Dumping data for table `departments`
--

INSERT INTO `departments` (`id`, `department_code`, `department_details`, `color`, `user_id`) VALUES
(1, 'MK', 'การตลาด (Marketing)', '#434343', NULL),
(2, 'PD', 'ฝ่ายผลิต (Production)', '#4a86e8', NULL),
(3, 'QC', 'แผนกควบคุมคุณภาพ (Quality Control)', '#ff9900', NULL),
(4, 'EN', 'แผนกวิศวกรรม (Engineer)', '#9900ff', NULL),
(5, 'PC', 'แผนกจัดซื้อ (Purchasing)', '#ff00ff', NULL),
(6, 'WH', 'แผนกคลังสินค้า (Ware House)', '#980000', NULL),
(7, 'RD', 'แผนกวิจัยและพัฒนาผลิตภัณฑ์ (Research and Development)', '#ff0000', NULL),
(8, 'AG', 'แผนกส่งเสริมการเกษตร (Agriculture)', '#dd7e6b', NULL),
(9, 'GR', 'เอกสารใช้ทั่วไป (General)', '#93c47d', NULL),
(10, 'MM', 'เอกสารที่จัดทำจากระบบการจัดการมาตรฐานแรงงานไทย มรท.8001\r\n', '#76a5af', NULL),
(11, 'EM', 'เอกสารที่จัดทำจากระบบการจัดการสิ่งแวดล้อม (Environmental)', '#8e7cc3', NULL),
(12, 'HS', 'เอกสารที่จัดทำจากระบบการจัดการอาชีวอนามัยและความปลอดภัย (OHSAS 18001)\r\n', '#f6b26b', NULL),
(13, 'PCC', 'ฝ่ายวางแผนและควบคุมการผลิต', '#674ea7', NULL),
(14, 'IT', 'แผนกเทคโนโลยีสารสนเทศ', '#1c4587', NULL);

-- --------------------------------------------------------

--
-- Table structure for table `migration`
--

DROP TABLE IF EXISTS `migration`;
CREATE TABLE IF NOT EXISTS `migration` (
  `version` varchar(180) NOT NULL,
  `apply_time` int DEFAULT NULL,
  PRIMARY KEY (`version`)
) ENGINE=MyISAM DEFAULT CHARSET=utf8mb3;

--
-- Dumping data for table `migration`
--

INSERT INTO `migration` (`version`, `apply_time`) VALUES
('m000000_000000_base', 1682472922),
('m140209_132017_init', 1682473632),
('m140403_174025_create_account_table', 1682473632),
('m140504_113157_update_tables', 1682473632),
('m140504_130429_create_token_table', 1682473632),
('m140830_171933_fix_ip_field', 1682473633),
('m140830_172703_change_account_table_name', 1682473633),
('m141222_110026_update_ip_field', 1682473633),
('m141222_135246_alter_username_length', 1682473633),
('m150614_103145_update_social_account_table', 1682473633),
('m150623_212711_fix_username_notnull', 1682473633),
('m151218_234654_add_timezone_to_profile', 1682473633),
('m160929_103127_add_last_login_at_to_user_table', 1682473633),
('m140506_102106_rbac_init', 1682473660),
('m170907_052038_rbac_add_index_on_auth_assignment_user_id', 1682473660),
('m180523_151638_rbac_updates_indexes_without_prefix', 1682473661),
('m200409_110543_rbac_update_mssql_trigger', 1682473661);

-- --------------------------------------------------------

--
-- Table structure for table `points`
--

DROP TABLE IF EXISTS `points`;
CREATE TABLE IF NOT EXISTS `points` (
  `id` int NOT NULL AUTO_INCREMENT,
  `point_code` varchar(45) DEFAULT NULL COMMENT 'รหัส',
  `point_name` varchar(100) DEFAULT NULL COMMENT 'จุดรับเอกสาร',
  `sub_points` int DEFAULT NULL COMMENT 'อยู่ภายใต้',
  PRIMARY KEY (`id`)
) ENGINE=InnoDB AUTO_INCREMENT=21 DEFAULT CHARSET=utf8mb3;

--
-- Dumping data for table `points`
--

INSERT INTO `points` (`id`, `point_code`, `point_name`, `sub_points`) VALUES
(1, '1', 'ตัวแทนบริหาร', NULL),
(2, '2', 'QMR / Food  Safety  Team  Leader', NULL),
(3, '3', 'EMR', NULL),
(4, '4', 'SMR', NULL),
(5, '5', 'LMR', NULL),
(6, '6', 'ฝ่ายผลิต', NULL),
(7, '6.1', 'ฝ่ายผลิต B1', 6),
(8, '6.2', 'ฝ่ายผลิต B2', 6),
(9, '6.3', 'ฝ่ายผลิต B3', 6),
(10, '6.4', 'ฝ่ายผลิต B4  ส่วนคั้น', 6),
(11, '6.5', 'ฝ่ายผลิต B5', 6),
(12, '7', 'ควบคุมคุณภาพ', NULL),
(13, '8', 'วิจัยและพัฒนาผลิตภัณฑ์', NULL),
(14, '9', 'คลังสินค้า', NULL),
(15, '10', 'ประกันคุณภาพ', NULL),
(16, '11', 'จัดซื้อ', NULL),
(17, '12', 'บุคคล - ธุรการ', NULL),
(18, '13', 'วิศวกรรม', NULL),
(19, '14', 'ไอที', NULL),
(20, '15', 'วางแผนการผลิต', NULL);

-- --------------------------------------------------------

--
-- Table structure for table `profile`
--

DROP TABLE IF EXISTS `profile`;
CREATE TABLE IF NOT EXISTS `profile` (
  `user_id` int NOT NULL,
  `name` varchar(255) COLLATE utf8mb3_unicode_ci DEFAULT NULL,
  `public_email` varchar(255) COLLATE utf8mb3_unicode_ci DEFAULT NULL,
  `gravatar_email` varchar(255) COLLATE utf8mb3_unicode_ci DEFAULT NULL,
  `gravatar_id` varchar(32) COLLATE utf8mb3_unicode_ci DEFAULT NULL,
  `location` varchar(255) COLLATE utf8mb3_unicode_ci DEFAULT NULL,
  `website` varchar(255) COLLATE utf8mb3_unicode_ci DEFAULT NULL,
  `bio` text COLLATE utf8mb3_unicode_ci,
  `timezone` varchar(40) COLLATE utf8mb3_unicode_ci DEFAULT NULL,
  PRIMARY KEY (`user_id`)
) ENGINE=InnoDB DEFAULT CHARSET=utf8mb3 COLLATE=utf8mb3_unicode_ci;

--
-- Dumping data for table `profile`
--

INSERT INTO `profile` (`user_id`, `name`, `public_email`, `gravatar_email`, `gravatar_id`, `location`, `website`, `bio`, `timezone`) VALUES
(1, 'แอดมิน', NULL, NULL, NULL, NULL, NULL, NULL, NULL),
(2, 'ธีรพงศ์ ขันตา', NULL, NULL, NULL, NULL, NULL, NULL, NULL),
(3, 'อรอนงค์ ชุมภู', '', '', 'd41d8cd98f00b204e9800998ecf8427e', '', '', '', NULL),
(4, 'สุพรรณา พันธ์ภู่', '', '', 'd41d8cd98f00b204e9800998ecf8427e', '', '', '', NULL),
(5, 'พีรนัย โสทรทวีพงศ์', '', '', 'd41d8cd98f00b204e9800998ecf8427e', '', '', '', NULL);

-- --------------------------------------------------------

--
-- Table structure for table `requester`
--

DROP TABLE IF EXISTS `requester`;
CREATE TABLE IF NOT EXISTS `requester` (
  `id` int NOT NULL AUTO_INCREMENT,
  `types_id` int DEFAULT NULL COMMENT 'ประเภทการร้องขอ',
  `status_id` int DEFAULT NULL COMMENT 'สถานะ',
  `created_at` int DEFAULT NULL COMMENT 'สร้างเมื่อ',
  `updated_at` int DEFAULT NULL COMMENT 'ปรับปรุงล่าสุดเมื่อ',
  `created_by` int DEFAULT NULL COMMENT 'สร้างโดย',
  `updated_by` int DEFAULT NULL COMMENT 'ปรับปรุงโดย',
  `request_by` int DEFAULT NULL COMMENT 'จัดทำโดย',
  `categories_id` int DEFAULT NULL COMMENT 'ระดับเอกสาร',
  `departments_id` int DEFAULT NULL COMMENT 'แผนกที่รับผิดชอบ',
  `document_title` varchar(255) DEFAULT NULL COMMENT 'เรื่อง',
  `details` text COMMENT 'รายละเอียดเอกสาร',
  `ref` varchar(255) CHARACTER SET utf8mb3 COLLATE utf8mb3_general_ci DEFAULT NULL COMMENT 'ref',
  `fullname` varchar(255) CHARACTER SET utf8mb3 COLLATE utf8mb3_general_ci DEFAULT NULL COMMENT 'เลขที่เอกสาร',
  `covenant` varchar(255) CHARACTER SET utf8mb3 COLLATE utf8mb3_general_ci DEFAULT NULL COMMENT 'PDF',
  `docs` text COMMENT 'เอกสารประกอบ',
  PRIMARY KEY (`id`),
  KEY `fk_requester_status_idx` (`status_id`),
  KEY `fk_requester_user1_idx` (`request_by`),
  KEY `fk_requester_categories1_idx` (`categories_id`),
  KEY `fk_requester_types1_idx` (`types_id`),
  KEY `fk_requester_departments1_idx` (`departments_id`)
) ENGINE=InnoDB AUTO_INCREMENT=72 DEFAULT CHARSET=utf8mb3;

--
-- Dumping data for table `requester`
--

INSERT INTO `requester` (`id`, `types_id`, `status_id`, `created_at`, `updated_at`, `created_by`, `updated_by`, `request_by`, `categories_id`, `departments_id`, `document_title`, `details`, `ref`, `fullname`, `covenant`, `docs`) VALUES
(34, 1, 4, 1683539636, 1683539636, 2, 2, 3, 7, 6, 'การพัฒนาผลิตภัณฑ์ใหม่ และการส่งตัวอย่าง', '', 'cQPYswSsyBu1Q42GQsdHfN', NULL, '{\"8151e3346cd0661666468a11f4a4d3b9.pdf\":\"PM-GR-05 Rev.33.pdf\"}', 'null'),
(35, 2, 2, 1683500000, 1683500000, 2, 2, 3, 4, 6, 'การทำความสะอาดห้อง RD', '', 'PERYRhlKSd3CzPWTXxleGv', NULL, '{\"7f50d1c72d896991fcbc526a863e4566.pdf\":\"Peavey.pdf\"}', '{\"7a7fa7c10bf9ed6a4e9abfe072848e35.pdf\":\"FM-GR-150 Rev.01.pdf\"}'),
(36, 2, 3, 1683607587, 1683607587, 2, 2, 3, 8, 6, 'cazxczxczxc', '', '6MfDWGGsBvL1jg-j4PJQve', NULL, '{\"bae5b901b43a42997af3ad277dfc1caf.pdf\":\"ตารางการกำหนดเข้าตรวจพื้นที่  2023.pdf\"}', 'null'),
(37, 1, 4, 1683614993, 1683787434, 2, 1, 3, 7, 9, 'fgsfdsdf', '', 'VBqO5n5NJR7MpKi4rAmjN2', NULL, '{\"608d33b0f9793f74a52dee600552fa28.pdf\":\"ตารางแสดงความเกี่ยวข้องISO14001.pdf\"}', 'null'),
(38, 3, 1, 1683616092, 1683616092, 2, 2, 5, 3, 13, 'hjkhj', '', 'IPl0YvWTQjESqcSsiy1t7T', NULL, '{\"4a3893a2c9b7a4f8aa6bcb508e630535.pdf\":\"PR-6603-0149- ups phase 1.pdf\"}', 'null'),
(39, 1, 4, 1683619978, 1683685836, 2, 2, 4, 1, 4, 'pm1', '', 'LUIOI7PU11tBjasxD92vVP', NULL, '{\"82870b4f1152772d47ad3038519efa1c.pdf\":\"4.โครงสร้างองค์กร chaingrai.pdf\"}', 'null'),
(40, 1, 1, 1683684240, 1683684240, 2, 2, 1, 1, 1, 'pm', '', 'p74RUBcKYnNgpU9Rsatxxw', NULL, NULL, 'null'),
(41, 1, 1, 1683684282, 1683771917, 2, 2, 2, 4, 11, 'st', '', 'tv2NlR6cv_o4810YEQtrLj', NULL, NULL, 'null'),
(42, 2, 1, 1683684298, 1683684298, 2, 2, 3, 5, 6, 'sp', '', 'N26eI6UJ_0TOqPcG6bkcP4', NULL, NULL, 'null'),
(43, 1, 1, 1683684345, 1683684345, 2, 2, 3, 6, 4, 'fm', '', 'P3aZSpOoxSPlSVwoeWDlLT', NULL, NULL, 'null'),
(44, 2, 4, 1683684406, 1683712743, 1, 2, 5, 9, 5, 'em', '', 'MUWCDtAfBcyLSroSTeoCHK', NULL, NULL, 'null'),
(45, 3, 4, 1683703933, 1683712608, 2, 2, 5, 3, 1, 's', '', 'XWVdFFLOE3rSBbrvqILwnf', NULL, NULL, 'null'),
(46, 1, 4, 1683703949, 1683786342, 2, 1, 2, 6, 5, 'adasdasd', '', 'Gg7cpKW-97q-XyyJtqJe2P', NULL, NULL, 'null'),
(47, 3, 4, 1683704133, 1683788072, 2, 1, 2, 4, 5, 'asdasdasd', '', 'XGf_ynI-JOpzXRmfrw04Kf', NULL, NULL, 'null'),
(48, 1, 3, 1683712846, 1683779399, 2, 1, 2, 9, 14, 'ทดสอบ', 'รายละเอียดเอกสารรายละเอียดเอกสารรายละเอียดเอกสารรายละเอียดเอกสารรายละเอียดเอกสาร', '97r8bsJGmj1YfGaWMsPkGZ', NULL, '{\"6144adf284f0366d5aabf8065b370593.pdf\":\"FM-HS-03 Rev07 (IT).pdf\"}', 'null'),
(50, 1, 1, 1683777864, 1683777864, 1, 1, 2, 4, 5, 'asdasdasdasd', '', 'jHtbEPPheMXI4axAMKRW-Y', NULL, NULL, 'null'),
(51, 2, 1, 1683778126, 1683778126, 1, 1, 2, 4, 4, 'asdasd', '', 'PEZyQawYBojR-NQDibXd_B', NULL, NULL, 'null'),
(52, 3, 1, 1683778169, 1683778169, 1, 1, 1, 4, 6, 'asdasdasd', '', '-OMrZK2ApT4NTU0sZciW8q', NULL, NULL, 'null'),
(53, 3, 1, 1683778253, 1683778253, 1, 1, 3, 5, 7, 'asdasda', '', 'dB7tJN9_zV04ZoEWlzsITC', NULL, NULL, 'null'),
(54, 3, 1, 1683778321, 1683778321, 1, 1, 3, 5, 7, 'asdasda', '', 'IH4mFHFnJVg1308ONtoY66', NULL, NULL, 'null'),
(55, 2, 1, 1683778419, 1683778419, 1, 1, 2, 4, 4, 'asdasdasd', '', 'yqqhOaPgJC-hKOv7luQlSV', NULL, NULL, 'null'),
(56, 3, 1, 1683778468, 1683778468, 1, 1, 2, 4, 8, 'ddddddddddd', '', '-Zd6ZSMD92VRuMSi9aIU3L', NULL, NULL, 'null'),
(57, 3, 1, 1683778538, 1683778538, 1, 1, 2, 4, 8, 'ddddddddddd', '', '0yWL1deYnIF1l9EgbFuZ4n', NULL, NULL, 'null'),
(58, 2, 1, 1683778547, 1683778547, 1, 1, 2, 6, 5, 'dddddddff', '', 'ZPSDxu6PKOgSm4aL6peEBC', NULL, NULL, 'null'),
(59, 2, 1, 1683778640, 1683778640, 1, 1, 2, 4, 5, 'asdasda', '', 'oXnEE4x0t2-lPev_a8MdY1', NULL, NULL, 'null'),
(60, 2, 1, 1683778859, 1683778859, 1, 1, 2, 4, 5, 'asdasda', '', 'sQVa5hTtyfQLp8r8MgQTcD', NULL, NULL, 'null'),
(61, 2, 1, 1683778923, 1683778923, 1, 1, 3, 5, 6, 'ffffff', '', 'ryfrDbT6tcMz1jNyMl7f0d', NULL, '{\"05fe96baac875a4513fa790020262577.pdf\":\"ตารางแสดงความเกี่ยวข้องISO14001.pdf\"}', 'null'),
(62, 2, 1, 1683779175, 1683779175, 1, 1, 2, 4, 6, 'asdasasd', '', '1iCfGFhF62xq1r8JPBl3Xw', NULL, NULL, 'null'),
(63, 2, 1, 1683779208, 1683779208, 1, 1, 2, 4, 6, 'asdasasd', '', 'CWt2niYEBI89lLxb4EDZQA', NULL, NULL, 'null'),
(65, 2, 1, 1683779350, 1683779350, 1, 1, 2, 4, 6, 'asdasd', '', 'c1g4DcDuIVJEoAzNFpS3yZ', NULL, NULL, 'null'),
(66, 2, 1, 1683779383, 1683779383, 1, 1, 2, 4, 6, 'asdasd', '', 'O5IJcGVtLXdX9yeuF40QuO', NULL, NULL, 'null'),
(67, 3, 1, 1683779521, 1683779521, 1, 1, 3, 6, 6, 'ffffff', '', 'XHg3Nf9WPL1ynZAqGpx5u1', NULL, NULL, 'null'),
(68, 2, 1, 1683779743, 1683779743, 2, 2, 2, 4, 5, 'asdasdasdad', '', 'XPavdk_UVcPQ8ao8oYyaFM', NULL, NULL, 'null'),
(69, 2, 3, 1683779789, 1683779826, 2, 1, 3, 7, 5, 'asdasdasd', '', 'Q6-7fz0ycBveVUZ16HeVCQ', NULL, NULL, 'null'),
(70, 3, 4, 1683779881, 1683787206, 1, 1, 2, 5, 5, 'ddddd', '', 'RHe5cO0R2IYotpjPAD26Io', NULL, NULL, 'null'),
(71, 2, 3, 1673779901, 1683788022, 1, 1, 1, 6, 7, ' เมื่อเอ่ยถึง Bootstrap หลายคนคงทราบกันแล้วว่ามันคือ css framework ที่ดีมากตัวหนึ่ง', '', 'HNTEdAjlxxSG6no7-h91NT', NULL, '{\"8efdf058ba899f91ddf569423902b008.pdf\":\"Peavey.pdf\"}', 'null');

-- --------------------------------------------------------

--
-- Table structure for table `reviewer`
--

DROP TABLE IF EXISTS `reviewer`;
CREATE TABLE IF NOT EXISTS `reviewer` (
  `id` int NOT NULL AUTO_INCREMENT,
  `requester_id` int DEFAULT NULL COMMENT 'เอกสารที่ร้องขอ',
  `reviewer_name` int DEFAULT NULL COMMENT 'ทบทวนโดย',
  `reviewer_at` varchar(45) DEFAULT NULL COMMENT 'ทบทวนเมื่อ',
  `document_number` varchar(45) DEFAULT NULL COMMENT 'เลขที่เอกสาร',
  `document_revision` float DEFAULT NULL COMMENT 'แก้ไขครั้งที่',
  `document_age` float DEFAULT NULL COMMENT 'อายุของเอกสาร',
  `document_public_at` varchar(45) DEFAULT NULL COMMENT 'วันที่ประกาศใช้',
  `stamps_id` int DEFAULT NULL COMMENT 'ประทับตรา',
  `document_ref` varchar(255) DEFAULT NULL COMMENT 'เอกสารอ้างอิง',
  `document_tags` varchar(255) DEFAULT NULL COMMENT '#tag',
  `points_id` int DEFAULT NULL COMMENT 'จุดรับเอกสาร',
  `reviewer_comment` text COMMENT 'ความคิดเห็นของผู้ทบทวน',
  `additional_training` text COMMENT 'การอบรมเพิ่มเติม',
  `approver_name` int DEFAULT NULL COMMENT 'ผู้อนุมัติ',
  `approver_at` varchar(45) DEFAULT NULL COMMENT 'อนุมัติเมื่อ',
  `approver_comment` text COMMENT 'ความคิดเห็นผู้อนุมัติ',
  PRIMARY KEY (`id`),
  KEY `fk_reviewer_requester1_idx` (`requester_id`),
  KEY `fk_reviewer_user1_idx` (`reviewer_name`),
  KEY `fk_reviewer_stamps1_idx` (`stamps_id`),
  KEY `fk_reviewer_points1_idx` (`points_id`)
) ENGINE=InnoDB AUTO_INCREMENT=50 DEFAULT CHARSET=utf8mb3;

--
-- Dumping data for table `reviewer`
--

INSERT INTO `reviewer` (`id`, `requester_id`, `reviewer_name`, `reviewer_at`, `document_number`, `document_revision`, `document_age`, `document_public_at`, `stamps_id`, `document_ref`, `document_tags`, `points_id`, `reviewer_comment`, `additional_training`, `approver_name`, `approver_at`, `approver_comment`) VALUES
(32, 34, NULL, NULL, NULL, NULL, NULL, NULL, NULL, NULL, NULL, NULL, NULL, NULL, NULL, NULL, NULL),
(33, 35, NULL, NULL, NULL, NULL, NULL, NULL, NULL, NULL, NULL, NULL, NULL, NULL, NULL, NULL, NULL),
(34, 36, NULL, NULL, NULL, NULL, NULL, NULL, NULL, NULL, NULL, NULL, NULL, NULL, NULL, NULL, NULL),
(35, 37, 4, '2023-04-06', '03', 5, 3, '2023-05-01', 1, '', '', NULL, '', '', 4, '2023-05-26', ''),
(36, 38, NULL, NULL, NULL, NULL, NULL, NULL, NULL, NULL, NULL, NULL, NULL, NULL, NULL, NULL, NULL),
(37, 39, NULL, NULL, NULL, NULL, NULL, NULL, NULL, NULL, NULL, NULL, NULL, NULL, NULL, NULL, NULL),
(38, 40, NULL, NULL, NULL, NULL, NULL, NULL, NULL, NULL, NULL, NULL, NULL, NULL, NULL, NULL, NULL),
(39, 41, NULL, NULL, NULL, NULL, NULL, NULL, NULL, NULL, NULL, NULL, NULL, NULL, NULL, NULL, NULL),
(40, 42, NULL, NULL, NULL, NULL, NULL, NULL, NULL, NULL, NULL, NULL, NULL, NULL, NULL, NULL, NULL),
(41, 43, NULL, NULL, NULL, NULL, NULL, NULL, NULL, NULL, NULL, NULL, NULL, NULL, NULL, NULL, NULL),
(42, 44, 3, '2023-05-11', '4', 3, 4, '2023-05-20', 2, '', '', NULL, '', '', 4, '2023-05-12', ''),
(43, 45, 2, '2023-05-10', '03', 3, 3, '2023-05-11', 1, '', '', NULL, '', '', 4, '2023-05-11', 'ทดสอบ'),
(44, 46, 3, '2023-04-05', '03', 123, 3, '2023-05-11', 3, '', '', NULL, '', '', 5, '2023-05-18', ''),
(45, 47, 3, '2023-05-09', '55', 4, 2, '2023-05-17', 2, '', '', NULL, '', '', 4, '2023-05-10', 'asdasd'),
(46, 48, 3, '2023-05-11', '01', 1, 3, '2023-05-15', 1, '', '', 1, 'ใช้สำหรับทดสอบ', 'ไม่ต้องอบรมเพิ่มเติม', 4, '2023-05-12', 'เห็นควรอนุมัติ'),
(47, 69, 2, '', '2', 2, 2, '', 1, '', '', NULL, '', '', NULL, '', ''),
(48, 70, 3, '2023-05-04', '9', 9, 9, '2023-05-12', 2, '', '', NULL, 'ความคิดเห็นของผู้ทบทวนความคิดเห็นของผู้ทบทวนความคิดเห็นของผู้ทบทวนความคิดเห็นของผู้ทบทวน', '', 4, '2023-05-18', 'ความคิดเห็นของผู้อนุมัติความคิดเห็นของผู้อนุมัติความคิดเห็นของผู้อนุมัติความคิดเห็นของผู้อนุมัติ'),
(49, 71, 3, '2023-05-17', '03', 1, 2, '2023-05-19', 2, '', '', NULL, '', '', NULL, '', '');

-- --------------------------------------------------------

--
-- Table structure for table `social_account`
--

DROP TABLE IF EXISTS `social_account`;
CREATE TABLE IF NOT EXISTS `social_account` (
  `id` int NOT NULL AUTO_INCREMENT,
  `user_id` int DEFAULT NULL,
  `provider` varchar(255) COLLATE utf8mb3_unicode_ci NOT NULL,
  `client_id` varchar(255) COLLATE utf8mb3_unicode_ci NOT NULL,
  `data` text CHARACTER SET utf8mb3 COLLATE utf8mb3_unicode_ci,
  `code` varchar(32) COLLATE utf8mb3_unicode_ci DEFAULT NULL,
  `created_at` int DEFAULT NULL,
  `email` varchar(255) COLLATE utf8mb3_unicode_ci DEFAULT NULL,
  `username` varchar(255) COLLATE utf8mb3_unicode_ci DEFAULT NULL,
  PRIMARY KEY (`id`),
  UNIQUE KEY `account_unique` (`provider`,`client_id`),
  UNIQUE KEY `account_unique_code` (`code`),
  KEY `fk_user_account` (`user_id`)
) ENGINE=InnoDB DEFAULT CHARSET=utf8mb3 COLLATE=utf8mb3_unicode_ci;

-- --------------------------------------------------------

--
-- Table structure for table `stamps`
--

DROP TABLE IF EXISTS `stamps`;
CREATE TABLE IF NOT EXISTS `stamps` (
  `id` int NOT NULL AUTO_INCREMENT,
  `stamp_code` varchar(45) DEFAULT NULL COMMENT 'รหัสประทับตรา',
  `stamp_name` text CHARACTER SET utf8mb3 COLLATE utf8mb3_general_ci COMMENT 'ประทับตรา',
  `color` varchar(45) DEFAULT NULL COMMENT 'สี',
  `content` text CHARACTER SET utf8mb3 COLLATE utf8mb3_general_ci,
  PRIMARY KEY (`id`)
) ENGINE=InnoDB AUTO_INCREMENT=8 DEFAULT CHARSET=utf8mb3;

--
-- Dumping data for table `stamps`
--

INSERT INTO `stamps` (`id`, `stamp_code`, `stamp_name`, `color`, `content`) VALUES
(1, 'Master', 'ต้นฉบับ', '#0000ff', '1-4d514b7273a0fcbb72b0c249055a2dab.jpg'),
(2, 'Controlled', 'เอกสารควบคุม', '#e06666', NULL),
(3, 'Uncontrolled', 'เอกสารไม่ควบคุม', '#6aa84f', NULL),
(4, 'Canceled', 'ยกเลิก', '#434343', NULL);

-- --------------------------------------------------------

--
-- Table structure for table `status`
--

DROP TABLE IF EXISTS `status`;
CREATE TABLE IF NOT EXISTS `status` (
  `id` int NOT NULL AUTO_INCREMENT,
  `status_name` varchar(100) DEFAULT NULL COMMENT 'สถานะ',
  `status_details` text COMMENT 'รายละเอียด',
  `color` varchar(45) DEFAULT NULL COMMENT 'สี',
  PRIMARY KEY (`id`)
) ENGINE=InnoDB AUTO_INCREMENT=5 DEFAULT CHARSET=utf8mb3;

--
-- Dumping data for table `status`
--

INSERT INTO `status` (`id`, `status_name`, `status_details`, `color`) VALUES
(1, 'New', 'ใหม่', '#ff0000'),
(2, 'Process Review', 'ดำเนินการทบทวน', '#ff9900'),
(3, 'Process Approve', 'ดำเนินการอนุมัติ', '#0000ff'),
(4, 'Success', 'เสร็จ', '#34870a');

-- --------------------------------------------------------

--
-- Table structure for table `token`
--

DROP TABLE IF EXISTS `token`;
CREATE TABLE IF NOT EXISTS `token` (
  `user_id` int NOT NULL,
  `code` varchar(32) COLLATE utf8mb3_unicode_ci NOT NULL,
  `created_at` int NOT NULL,
  `type` smallint NOT NULL,
  UNIQUE KEY `token_unique` (`user_id`,`code`,`type`)
) ENGINE=InnoDB DEFAULT CHARSET=utf8mb3 COLLATE=utf8mb3_unicode_ci;

--
-- Dumping data for table `token`
--

INSERT INTO `token` (`user_id`, `code`, `created_at`, `type`) VALUES
(2, 'EMY0QLqlg68STQlkmHWoJQ-cGlEs2PaK', 1682481093, 0),
(3, 'NI3AaFysiV3kGhxMxHIEFVSLduv33jK3', 1682481101, 0),
(4, 'L27XIjdY_W1lssdap2ZxlaPUX5uVTdSo', 1682481110, 0),
(5, 'Ze1ly0J96EN-1Ldql4O3c1_lcKIi6_ZN', 1682481121, 0);

-- --------------------------------------------------------

--
-- Table structure for table `types`
--

DROP TABLE IF EXISTS `types`;
CREATE TABLE IF NOT EXISTS `types` (
  `id` int NOT NULL AUTO_INCREMENT,
  `type_name` varchar(100) DEFAULT NULL COMMENT 'ประเภทการร้องขอ',
  `type_details` text COMMENT 'รายละเอียด',
  `color` varchar(45) CHARACTER SET utf8mb3 COLLATE utf8mb3_general_ci DEFAULT NULL COMMENT 'สี',
  PRIMARY KEY (`id`)
) ENGINE=InnoDB AUTO_INCREMENT=4 DEFAULT CHARSET=utf8mb3;

--
-- Dumping data for table `types`
--

INSERT INTO `types` (`id`, `type_name`, `type_details`, `color`) VALUES
(1, 'New Request', 'ขอจัดทำ', '#4a86e8'),
(2, 'Edit', 'ขอแก้ไข', '#ff6000'),
(3, 'Cancel', 'ขอยกเลิก', '#434343');

-- --------------------------------------------------------

--
-- Table structure for table `user`
--

DROP TABLE IF EXISTS `user`;
CREATE TABLE IF NOT EXISTS `user` (
  `id` int NOT NULL AUTO_INCREMENT,
  `username` varchar(255) COLLATE utf8mb3_unicode_ci NOT NULL,
  `email` varchar(255) COLLATE utf8mb3_unicode_ci NOT NULL,
  `password_hash` varchar(60) COLLATE utf8mb3_unicode_ci NOT NULL,
  `auth_key` varchar(32) COLLATE utf8mb3_unicode_ci NOT NULL,
  `confirmed_at` int DEFAULT NULL,
  `unconfirmed_email` varchar(255) COLLATE utf8mb3_unicode_ci DEFAULT NULL,
  `blocked_at` int DEFAULT NULL,
  `registration_ip` varchar(45) COLLATE utf8mb3_unicode_ci DEFAULT NULL,
  `created_at` int NOT NULL,
  `updated_at` int NOT NULL,
  `flags` int NOT NULL DEFAULT '0',
  `last_login_at` int DEFAULT NULL,
  `status` int DEFAULT '10',
  `role` int DEFAULT NULL,
  PRIMARY KEY (`id`),
  UNIQUE KEY `user_unique_username` (`username`),
  UNIQUE KEY `user_unique_email` (`email`)
) ENGINE=InnoDB AUTO_INCREMENT=6 DEFAULT CHARSET=utf8mb3 COLLATE=utf8mb3_unicode_ci;

--
-- Dumping data for table `user`
--

INSERT INTO `user` (`id`, `username`, `email`, `password_hash`, `auth_key`, `confirmed_at`, `unconfirmed_email`, `blocked_at`, `registration_ip`, `created_at`, `updated_at`, `flags`, `last_login_at`, `status`, `role`) VALUES
(1, 'admin', 'admin@admin.com', '$2y$12$M0hFXxztKZxCnaOnGJjrpOmQtnEPHqRbvE7spj4xkCVnT11VBcOaO', 'VPaMQzLRVu6gsDMqaZL9rwHiVdWwVFe3', 1682481192, NULL, NULL, '::1', 1682481077, 1682481077, 0, 1683779805, 10, NULL),
(2, 'theerapong', 'theerapong.khan@gmail.com', '$2y$12$wgw0evelJYnHo.OYJ6Oy7uSXkJuj/hc.KyN5Ua69k9EVzMZSPWH8S', 'l8eCAXjpfUIMnx1YKbKqw3xcBEA0D1T-', 1682481206, NULL, NULL, '::1', 1682481093, 1682481093, 0, 1683779711, 10, NULL),
(3, 'onanong', 'onanong@gmail.com', '$2y$12$hZYzUyddqbQgj.ZhVpYnk.HLsxue7JE6X10xAisAm97RV9O4Baque', 'GtUzBcGWelbaJ9MVBMz8I6o1XVUVhsMM', 1682481209, NULL, NULL, '::1', 1682481101, 1682481101, 0, 1683540175, 10, NULL),
(4, 'supanna', 'supanna@email.com', '$2y$12$JrgSpLqoe07bm0bVnPKR7O3/uZ1ubwIKHy5QOLxHMqThm24kf/ZLK', 'H4Gv7l_-KVl-TfLQo39JXcJJKHvz0o7c', 1682481210, NULL, NULL, '::1', 1682481110, 1682481110, 0, 1683604691, 10, NULL),
(5, 'peeranai', 'peeranai@gmail.com', '$2y$12$pkdao7ym04wlz08kyxj.l.5undNMHcst/0EzM1mzHebUMoqxVt436', 'kbcu9EyXHp2BeliynrSsZ5Skq1ASeLe8', 1682481212, NULL, NULL, '::1', 1682481121, 1682481121, 0, NULL, 10, NULL);

--
-- Constraints for dumped tables
--

--
-- Constraints for table `approver`
--
ALTER TABLE `approver`
  ADD CONSTRAINT `fk_approver_reviewer1` FOREIGN KEY (`reviewer_id`) REFERENCES `reviewer` (`id`),
  ADD CONSTRAINT `fk_approver_user1` FOREIGN KEY (`approve_name`) REFERENCES `user` (`id`);

--
-- Constraints for table `auth_assignment`
--
ALTER TABLE `auth_assignment`
  ADD CONSTRAINT `auth_assignment_ibfk_1` FOREIGN KEY (`item_name`) REFERENCES `auth_item` (`name`) ON DELETE CASCADE ON UPDATE CASCADE;

--
-- Constraints for table `auth_item`
--
ALTER TABLE `auth_item`
  ADD CONSTRAINT `auth_item_ibfk_1` FOREIGN KEY (`rule_name`) REFERENCES `auth_rule` (`name`) ON DELETE SET NULL ON UPDATE CASCADE;

--
-- Constraints for table `auth_item_child`
--
ALTER TABLE `auth_item_child`
  ADD CONSTRAINT `auth_item_child_ibfk_1` FOREIGN KEY (`parent`) REFERENCES `auth_item` (`name`) ON DELETE CASCADE ON UPDATE CASCADE,
  ADD CONSTRAINT `auth_item_child_ibfk_2` FOREIGN KEY (`child`) REFERENCES `auth_item` (`name`) ON DELETE CASCADE ON UPDATE CASCADE;

--
-- Constraints for table `departments`
--
ALTER TABLE `departments`
  ADD CONSTRAINT `fk_departments_user1` FOREIGN KEY (`user_id`) REFERENCES `user` (`id`);

--
-- Constraints for table `profile`
--
ALTER TABLE `profile`
  ADD CONSTRAINT `fk_user_profile` FOREIGN KEY (`user_id`) REFERENCES `user` (`id`) ON DELETE CASCADE ON UPDATE RESTRICT;

--
-- Constraints for table `requester`
--
ALTER TABLE `requester`
  ADD CONSTRAINT `fk_requester_categories1` FOREIGN KEY (`categories_id`) REFERENCES `categories` (`id`),
  ADD CONSTRAINT `fk_requester_departments1` FOREIGN KEY (`departments_id`) REFERENCES `departments` (`id`),
  ADD CONSTRAINT `fk_requester_status` FOREIGN KEY (`status_id`) REFERENCES `status` (`id`),
  ADD CONSTRAINT `fk_requester_types1` FOREIGN KEY (`types_id`) REFERENCES `types` (`id`),
  ADD CONSTRAINT `fk_requester_user1` FOREIGN KEY (`request_by`) REFERENCES `user` (`id`);

--
-- Constraints for table `reviewer`
--
ALTER TABLE `reviewer`
  ADD CONSTRAINT `fk_reviewer_points1` FOREIGN KEY (`points_id`) REFERENCES `points` (`id`),
  ADD CONSTRAINT `fk_reviewer_requester1` FOREIGN KEY (`requester_id`) REFERENCES `requester` (`id`) ON DELETE CASCADE,
  ADD CONSTRAINT `fk_reviewer_stamps1` FOREIGN KEY (`stamps_id`) REFERENCES `stamps` (`id`),
  ADD CONSTRAINT `fk_reviewer_user1` FOREIGN KEY (`reviewer_name`) REFERENCES `user` (`id`);

--
-- Constraints for table `social_account`
--
ALTER TABLE `social_account`
  ADD CONSTRAINT `fk_user_account` FOREIGN KEY (`user_id`) REFERENCES `user` (`id`) ON DELETE CASCADE ON UPDATE RESTRICT;

--
-- Constraints for table `token`
--
ALTER TABLE `token`
  ADD CONSTRAINT `fk_user_token` FOREIGN KEY (`user_id`) REFERENCES `user` (`id`) ON DELETE CASCADE ON UPDATE RESTRICT;
COMMIT;

/*!40101 SET CHARACTER_SET_CLIENT=@OLD_CHARACTER_SET_CLIENT */;
/*!40101 SET CHARACTER_SET_RESULTS=@OLD_CHARACTER_SET_RESULTS */;
/*!40101 SET COLLATION_CONNECTION=@OLD_COLLATION_CONNECTION */;
